"model_type","response","rmse_train","rmse_test"
"rf","logit_rel_depth",10.9205687551518,29.2274383221609
"rf","rel_depth",8.46519311918554,28.1005254505668
"rf","depth",7.91492662873209,29.6482123718324
"gbm","logit_rel_depth",25.7299886811365,30.0932997075089
"gbm","rel_depth",24.5947618763531,31.0551642389393
"gbm","depth",23.8756395558131,29.3791282322406
